{"cameraMode":{"drawMode":0,"name":"Shaded","section":"Shading Mode"},"sceneLighting":false,"audioPlay":false,"sceneViewState":{"showFog":true,"showMaterialUpdate":false,"showSkybox":true,"showFlares":true,"showImageEffects":true,"showParticleSystems":true},"in2DMode":false,"pivot":{"x":5.979922294616699,"y":-1.1451783180236817,"z":-7.936751365661621},"rotation":{"x":-0.03176788240671158,"y":-0.5882063508033752,"z":0.023135479539632798,"w":-0.8077554702758789},"size":4.673038482666016,"orthographic":false}