{"cameraMode":{"drawMode":0,"name":"Shaded","section":"Shading Mode"},"sceneLighting":false,"audioPlay":false,"sceneViewState":{"showFog":true,"showMaterialUpdate":false,"showSkybox":true,"showFlares":true,"showImageEffects":true,"showParticleSystems":true},"in2DMode":false,"pivot":{"x":-7.967299938201904,"y":1.814821720123291,"z":5.516873359680176},"rotation":{"x":-0.03176788240671158,"y":-0.5882063508033752,"z":0.023135479539632798,"w":-0.8077554702758789},"size":4.637180805206299,"orthographic":false}