{"cameraMode":{"drawMode":0,"name":"Shaded","section":"Shading Mode"},"sceneLighting":false,"audioPlay":false,"sceneViewState":{"showFog":true,"showMaterialUpdate":false,"showSkybox":true,"showFlares":true,"showImageEffects":true,"showParticleSystems":true},"in2DMode":false,"pivot":{"x":5.84576940536499,"y":0.3148217797279358,"z":4.579049110412598},"rotation":{"x":-0.03176788240671158,"y":-0.5882063508033752,"z":0.023135479539632798,"w":-0.8077554702758789},"size":3.8352653980255129,"orthographic":false}